genome,taxonomy,tax.index,Anthranilate,Salicylate,Benzene,Benzoate (Catechol),Benzoate (Cyclohexane),Benzoyl-CoA,Catechol (Meta),Catechol (Ortho),Cumate,Homoprotocatechuate,Phthalate,Terephtalate,Toluene  ,Trans-cinnamate,Protocatechuate (3-oxoadipate),Protocatechuate (Oxaloacteate + Pyruvate),CAZy: Amorphous Cellulose,CAZy: Arabinan,CAZy: Mixed-Linkage glucans,CAZy: Polyphenolics,CAZy: Xyloglucan,Nitrogen metabolism: Bacterial/Archaeal ammonia oxidation,Nitrogen metabolism: nitrite => nitric oxide,"Other Reductases: arsenate reduction, pt 1",SCFA and alcohol conversions: Alcohol production,"SCFA and alcohol conversions: Propionate, pt 2","SCFA and alcohol conversions: acetate, pt 1 or 2",SCFA and alcohol conversions: lactate L,SCFA and alcohol conversions: pyruvate => acetyl CoA v1 or v2,"Sulfur metabolism: Thiosulfate oxidation by SOX complex, thiosulfate => sulfate"
2750_bin.3_renamed,d__Archaea;p__Thermoproteota;c__Nitrososphaeria;o__Nitrososphaerales;f__Nitrososphaeraceae;g__TA-21;s__,1,0,0,0,0,0,0,1,0,0,0,0,0,0,1,0,0,0,0,0,0,0,1,1,0,1,0,0,0,1,0
coass_bin.8_renamed,d__Archaea;p__Thermoproteota;c__Nitrososphaeria;o__Nitrososphaerales;f__Nitrososphaeraceae;g__TA-21;s__,2,0,0,0,0,0,0,0,0,0,0,0,0,0,1,0,0,0,0,0,1,0,1,0,0,1,0,0,0,0,0
2653_bin.18_renamed,d__Archaea;p__Thermoproteota;c__Nitrososphaeria;o__Nitrososphaerales;f__Nitrososphaeraceae;g__UBA10452;s__,3,0,0,0,0,0,0,1,0,0,0,0,0,0,1,0,0,0,0,0,0,0,1,1,0,1,0,0,0,1,0
2659_bin.4_renamed,d__Archaea;p__Thermoproteota;c__Nitrososphaeria;o__Nitrososphaerales;f__Nitrososphaeraceae;g__UBA10452;s__,4,0,0,0,0,0,0,1,0,0,0,0,0,0,0,0,0,0,0,0,0,0,0,1,0,0,0,0,0,0,0
2754_bin.24_renamed,d__Bacteria;p__Acidobacteriota;c__Acidobacteriae;o__Acidoferrales;f__UBA7541;g__Acidoferrum;s__,5,0,0,0,0,0,0,1,0,0,0,0,0,0,0,1,0,1,0,0,0,0,0,0,0,0,0,0,0,1,0
2593_bin.7_renamed,d__Bacteria;p__Acidobacteriota;c__Acidobacteriae;o__Acidoferrales;f__UBA7541;g__Palsa-295;s__,6,0,0,0,0,0,0,1,1,0,0,1,0,0,0,1,1,1,0,1,0,0,0,0,1,1,0,1,1,1,1
2593_bin.16_renamed,d__Bacteria;p__Actinobacteriota;c__Actinomycetia;o__Actinomycetales;f__Micrococcaceae;g__Pseudarthrobacter;s__,7,0,0,0,1,0,0,1,1,0,1,0,0,0,1,1,0,0,0,0,0,0,0,1,0,1,0,1,1,1,0
2599_bin.23_renamed,d__Bacteria;p__Actinobacteriota;c__Actinomycetia;o__Mycobacteriales;f__Mycobacteriaceae;g__Mycobacterium;s__,8,0,0,1,0,1,0,1,1,1,0,0,0,1,1,1,0,1,0,1,0,0,0,1,1,1,0,1,1,1,0
2653_bin.21_renamed,d__Bacteria;p__Actinobacteriota;c__Actinomycetia;o__Mycobacteriales;f__Mycobacteriaceae;g__Mycobacterium;s__,9,0,0,1,1,1,0,1,1,0,0,0,0,0,1,1,0,1,0,1,0,0,0,1,1,1,0,1,1,1,0
2754_bin.23_renamed,d__Bacteria;p__Actinobacteriota;c__Actinomycetia;o__Propionibacteriales;f__Nocardioidaceae;g__Nocardioides;s__,10,0,0,0,0,0,0,0,1,0,1,0,0,0,1,1,1,0,1,1,0,1,0,0,0,1,0,0,0,1,0
2659_bin.1_renamed,d__Bacteria;p__Actinobacteriota;c__Thermoleophilia;o__Gaiellales;f__Gaiellaceae;g__3-1-20CM-4-69-9;s__,11,0,0,0,0,1,0,1,0,0,0,0,0,0,1,0,1,0,0,0,0,0,0,0,0,1,0,0,0,1,0
2649_bin.18_renamed,d__Bacteria;p__Actinobacteriota;c__Thermoleophilia;o__Solirubrobacterales;f__70-9;g__VAYN01;s__,12,0,0,0,0,1,0,1,1,0,0,0,0,0,1,0,0,0,0,0,1,0,0,0,0,1,0,0,0,1,0
2653_bin.20_renamed,d__Bacteria;p__Actinobacteriota;c__Thermoleophilia;o__Solirubrobacterales;f__70-9;g__VAYN01;s__,13,0,0,0,0,0,0,0,0,0,0,0,0,0,1,0,0,0,0,0,0,0,0,0,0,1,0,1,0,1,0
2593_bin.3_renamed,d__Bacteria;p__Actinobacteriota;c__Thermoleophilia;o__Solirubrobacterales;f__Solirubrobacteraceae;g__Conexibacter;s__,14,0,0,0,0,0,0,1,0,0,0,0,0,0,1,0,0,0,0,0,1,0,0,0,0,1,0,0,0,1,0
2599_bin.24_renamed,d__Bacteria;p__Actinobacteriota;c__Thermoleophilia;o__Solirubrobacterales;f__Solirubrobacteraceae;g__Palsa-744;s__,15,0,0,0,0,1,0,1,0,0,0,0,0,0,1,1,0,0,0,0,0,0,0,0,0,1,0,0,0,0,0
2593_bin.2_renamed,d__Bacteria;p__Dormibacterota;c__Dormibacteria;o__Dormibacterales;f__Dormibacteraceae;g__40CM-4-65-16;s__,16,0,0,0,0,1,1,1,1,0,0,0,0,0,1,1,0,0,0,0,0,0,0,0,0,0,0,1,0,1,0
2653_bin.7_renamed,d__Bacteria;p__Dormibacterota;c__Dormibacteria;o__Dormibacterales;f__Dormibacteraceae;g__40CM-4-65-16;s__,17,0,0,0,0,1,0,1,1,0,0,0,0,0,1,1,0,1,0,0,0,0,0,0,0,0,0,1,0,1,0
coass_bin.24_renamed,d__Bacteria;p__Dormibacterota;c__Dormibacteria;o__Dormibacterales;f__Dormibacteraceae;g__40CM-4-65-16;s__,18,0,0,0,0,0,0,1,0,0,0,0,0,0,0,0,1,0,0,0,0,0,0,0,0,0,0,1,0,0,0
2649_bin.15_renamed,d__Bacteria;p__Dormibacterota;c__Dormibacteria;o__UBA8260;f__UBA8260;g__Palsa-851;s__,19,0,0,0,0,0,0,1,1,0,0,0,0,0,1,1,1,1,0,0,0,0,0,0,0,1,0,1,1,1,0
2599_bin.29_renamed,d__Bacteria;p__Gemmatimonadota;c__Gemmatimonadetes;o__Gemmatimonadales;f__GWC2-71-9;g__JACDDX01;s__,20,0,0,0,0,0,0,1,0,0,0,0,0,0,0,0,0,0,1,0,0,0,0,0,1,0,0,1,0,0,1
2653_bin.25_renamed,d__Bacteria;p__Gemmatimonadota;c__Gemmatimonadetes;o__Gemmatimonadales;f__GWC2-71-9;g__JACDDX01;s__,21,0,0,0,0,0,0,1,0,0,0,0,0,1,1,0,0,0,0,0,0,0,1,0,0,0,0,1,0,0,1
2649_bin.1_renamed,d__Bacteria;p__Proteobacteria;c__Alphaproteobacteria;o__Reyranellales;f__Reyranellaceae;g__Reyranella;s__,22,1,1,0,0,1,0,1,1,1,1,1,1,1,1,1,1,0,0,0,0,0,0,0,1,1,0,1,1,1,1
2599_bin.27_renamed,d__Bacteria;p__Proteobacteria;c__Alphaproteobacteria;o__Rhizobiales;f__Methyloligellaceae;g__Methyloceanibacter;s__,23,0,0,0,0,0,0,0,0,0,0,0,0,0,1,0,0,0,0,0,0,0,0,0,0,1,0,0,0,0,1
2653_bin.13_renamed,d__Bacteria;p__Proteobacteria;c__Alphaproteobacteria;o__Rhizobiales;f__Methyloligellaceae;g__Methyloceanibacter;s__,24,1,0,0,0,0,0,1,0,0,1,1,0,0,1,1,1,1,0,0,0,0,0,0,0,0,0,0,1,1,1
coass_bin.80_renamed,d__Bacteria;p__Proteobacteria;c__Alphaproteobacteria;o__Rhizobiales;f__Xanthobacteraceae;g__Pseudolabrys;s__,25,0,0,0,0,0,0,1,1,0,0,1,0,1,0,1,1,0,0,0,0,0,0,1,0,1,1,1,1,0,1
2595_bin.2_renamed,d__Bacteria;p__Verrucomicrobiota;c__Verrucomicrobiae;o__Chthoniobacterales;f__UBA10450;g__Udaeobacter;s__,26,0,0,0,0,0,0,1,0,0,0,0,0,0,1,0,0,0,0,0,0,0,0,0,0,1,0,0,1,1,0
2653_bin.24_renamed,d__Bacteria;p__Verrucomicrobiota;c__Verrucomicrobiae;o__Chthoniobacterales;f__UBA10450;g__Udaeobacter;s__,27,0,0,0,0,0,0,1,0,0,0,0,0,0,1,0,0,0,0,0,0,0,0,0,0,1,0,1,1,0,0
2659_bin.11_renamed,d__Bacteria;p__Verrucomicrobiota;c__Verrucomicrobiae;o__Chthoniobacterales;f__UBA10450;g__Udaeobacter;s__,28,0,0,0,0,0,0,1,0,0,0,0,0,0,1,0,0,0,0,0,0,0,0,0,0,1,0,0,1,0,0